Ref_Area,ln_Population,ln_GDP_Per_Capita_PPP,ln_Energy_Per_Capita,Renewable_%,Urban_%,Forest_%,Agri_VA_%
AGO,16.964078999172358,9.22201512479484,6.184204536665334,55.63529411764706,59.80410525535974,57.87919948664474,10.665466478145778
ARE,15.620135358359317,11.300355113679728,9.143464183817533,0.11578947368421054,82.7622075664006,4.435677866872194,1.1479596192794599
ARG,17.525397981641003,10.143907774248294,7.482360907577953,9.494736842105263,90.66866348857744,11.23475900872183,6.6807410405013234
ARM,14.914348848716088,9.483165954198027,6.947769687649904,9.728571428571428,64.53545048625666,11.574228511214812,16.709949504078647
AUS,16.891139171302473,10.857108760909645,8.62286944673001,8.200000000000001,86.12756635129989,17.109791258796363,2.647636658376999
AUT,15.940279709435018,10.984607949818887,8.26398671667378,29.910526315789472,67.20847851006998,46.81001097022732,1.3637985379572513
AZE,16.0027594951225,9.540670906833244,7.294632653080583,2.7421052631578946,53.455002413895215,12.545841868861586,7.990045111660709
BEL,16.19654518807478,10.921089327555931,8.55576534220034,5.436842105263158,84.60969802921585,22.515617296964827,0.850267296197535
BEN,16.06563489551517,7.929156485619302,5.841268135610118,54.531578947368416,42.62480886126318,32.68135863781483,26.212887909673547
BFA,16.56790317609573,7.5078432221543805,5.279260199380426,80.76842105263158,23.184997614061064,24.731244228993535,24.006843426178353
BGD,18.82620999069229,8.294412069803707,5.243539895743231,42.97894736842105,27.115605886223378,14.565879396578563,17.25584160244365
BGR,15.817888082889798,9.903904030008952,7.834120255552736,12.81578947368421,71.38625108812307,33.692224359893885,6.038531418598332
BHR,14.032112379746453,10.885853615304772,9.25914550419171,0.0,98.60407973152869,0.7225655648529015,0.28585134668579987
BIH,15.159586626422657,9.343569127356739,7.303005016868637,19.98421052631579,45.525591863215276,41.54795949835526,7.25590359117432
BLR,16.076424595243942,9.896998971559803,7.934643175487817,6.868421052631579,73.93684075241381,42.09944490820078,8.354237780210237
BOL,16.117157079554925,9.12521011491364,6.420872526611477,20.74736842105263,65.86387840145024,49.15684142508028,10.86737646637387
BRA,19.068032690333414,9.720645909228947,7.163666705452731,44.94210526315789,84.00971463610871,62.219346397013794,4.685901928190937
BRN,12.85517512763775,11.420843921048435,8.952662160929655,0.0,74.10833724713632,73.04004793768101,0.9403691048864324
BWA,14.499000502988872,9.624144912529461,7.050719665165894,30.384210526315787,61.266343607656644,29.213205582905438,2.1591319453375966
CAN,17.3313058985814,10.878600556587472,8.988196884826444,21.442105263157895,80.4723818007897,38.74633723873281,1.8304054107793462
CHE,15.866290401101283,11.197792458890985,8.09403736463745,20.589473684210525,74.4226151321972,31.12958820859132,0.7598297089246953
CHL,16.650211523917175,10.054731052977072,7.518598487859872,29.484210526315792,87.02171753023114,22.575352572912635,3.8571654229683916
CHN,21.01018376715623,9.10596357622319,7.387873094668602,16.589473684210525,48.75473989183187,21.0341141842133,10.143209171627726
CIV,16.905903597469564,8.411542909582755,6.024115529715453,70.59473684210526,46.85847079721159,12.825369910625621,16.95659959917191
CMR,16.768153068827466,8.372894680673426,5.971362021839941,81.25263157894737,50.24791025735494,44.416536120398725,16.969365938523232
COD,18.01841851978871,7.051114461513792,5.728388474563943,96.71052631578948,38.909379602323455,60.44433979238031,19.51022064977924
COG,15.256501216562095,8.988732863024225,5.943481368780056,63.46315789473684,61.86667558383915,64.67596516914541,5.359327828959141
COL,17.599622680428514,9.52944866490736,6.6026985597589745,30.210526315789473,76.35418119720366,55.06261212969331,6.865436562824931
CRI,15.312856122971608,9.799999311934592,6.840807423646754,37.23684210526316,69.12584590230512,56.75995217185148,6.761935364818789
CYP,13.91540289294076,10.596166269566462,7.621128533057797,6.552631578947368,67.80193833101767,18.660600364547733,2.448458858106811
CZE,16.15667466861448,10.537001930008355,8.342503984086035,10.505263157894737,73.40670122069575,34.38087915743069,2.266046416877038
DEU,18.221497921346156,10.917912994689612,8.286547848632278,10.331578947368422,80.39333738918558,32.668269312739596,0.843553335980413
DNK,15.52607789000733,11.023202821499794,8.100214716085713,21.626315789473683,86.67245975712225,14.859651315789472,1.3301493540724982
DOM,16.085338413218427,9.569860940739954,6.680992450822877,17.521052631578947,70.42973948224223,42.56220788983429,5.939636066265953
DZA,17.39328909378704,9.546306926785453,7.026486708153464,0.2947368421052632,66.22904312184264,0.7682684161332434,8.406925506524587
ECU,16.508179945422754,9.366035992599947,6.7172531529654345,14.989473684210527,62.332176494372646,52.92797276449297,8.296110868932882
EGY,18.291150514361135,9.39789181054511,6.6632740161058805,6.094736842105263,42.790074096580796,0.0580618128273116,13.062776121256823
ESP,17.618558731032717,10.667164187027115,7.955520681945214,12.210526315789474,78.06609025145963,36.299990160337586,2.7922992535114743
EST,14.109424168771888,10.346874636418061,8.296255304316183,22.847368421052632,67.92887815585698,54.77299873653129,3.146824232508171
FIN,15.491135693453316,10.87690348860588,8.777051672746897,35.4,69.62953081392857,73.49799863954298,2.3160465942837285
FRA,17.981020072811933,10.8034004696843,8.298572939216086,11.131578947368421,77.45148484401255,30.150526608756792,1.565491774722128
GAB,14.330469576923457,9.895067012001336,7.655345189334497,82.98421052631579,85.1902962548212,91.75123934530704,4.8072433299775446
GBR,17.94792933443949,10.770821168367439,8.077592095991728,3.8210526315789473,80.98956126869045,12.650570956801337,0.6699523850608161
GEO,15.159351169282528,9.265361642611188,6.798737604701701,38.252631578947366,54.93093294940665,40.358476418416885,11.816516935480134
GHA,17.02388234972974,8.403214888920226,5.715341585986293,54.53684210526316,49.89354023709961,36.02332267779407,27.681771187332355
GNQ,14.063698851198533,10.338248938569135,7.296249015959587,5.869230769230769,58.598338511420174,89.6717400246812,1.4840675860805799
GRC,16.2081018812795,10.459105786641679,7.803948462247101,11.468421052631578,75.63688641364574,29.592746029153563,3.870296707545844
GTM,16.46560865770623,9.191070898443181,6.581214936709824,64.93157894736842,50.05096801380363,35.61585234081845,12.051142743823615
HND,15.910243605764352,8.583377263591554,6.329164987158444,50.51578947368421,50.683240799943384,58.91797865384706,12.388049969604486
HRV,15.262535045225075,10.242325621657985,7.659843655945831,28.22631578947368,55.544182405837915,34.16539175696136,3.7537916872650583
HTI,16.078505960372002,8.103724780757176,5.9437041632016046,79.2421052631579,45.102343384188586,13.539578718203346,18.092770820861677
HUN,16.116173464064058,10.249378529621502,7.861650114365251,10.910526315789474,67.9590539355935,22.305761799119946,3.8704962934038485
IDN,19.307399369718617,9.04883988446921,6.500642560714111,35.794736842105266,48.93278323843177,52.48061180178399,14.08151901258556
IND,20.921370102592924,8.469442062997942,6.2211328429972035,39.08421052631579,30.522810416231238,23.358510378981567,17.632560453242522
IRL,15.295858425059015,11.082738116017412,8.064724463884673,5.489473684210526,61.373162040886726,10.268261377787624,1.2089777172640552
IRN,18.145386838457775,9.57956300741231,7.828753637502714,0.9052631578947368,69.94697775652304,6.326402423771927,7.692133389358041
IRQ,17.253946189995826,9.387186905648162,6.964115753352819,1.068421052631579,68.90369464753367,1.8888782672650133,5.24749634297926
ISL,12.653191143139521,10.961277202936099,9.595879584875211,71.47368421052632,93.00735771697913,0.4154677291487609,5.531349504317543
ISR,15.827492759651483,10.518821152801857,7.936602412461118,5.947368421052632,91.6328493171129,7.081184940169277,1.6634557894811186
ITA,17.89326497539979,10.81528638053165,7.953597095580285,11.215789473684211,68.32867345854952,30.229104292460708,2.0381899603735865
JAM,14.819582291670974,9.220425794596345,7.008217533837744,8.726315789473684,53.731100130315596,51.2316907226515,5.569510943608407
JOR,15.796225779065052,9.186039798430217,6.870086853544428,3.0210526315789474,83.00211668699974,1.1014038330107982,3.1984391951730426
JPN,18.663789573928824,10.631622387779876,8.228851499616136,4.873684210526315,87.72642531319413,68.40011551512526,1.151699573466231
KAZ,16.638381185937746,10.073880185246969,8.145992857428716,1.8210526315789475,55.340355857791884,1.179578980510505,5.7687026679663065
KEN,17.50270778561188,8.338106823934428,6.165043160621536,75.2578947368421,28.74849199372081,6.482456570671601,21.574826547951027
KGZ,15.518232369392123,8.464772729873685,6.338276696218142,26.521052631578947,35.22047784138855,6.385155644585917,22.318929788723317
KHM,16.47382043497299,8.15319048148455,5.774495118377044,70.1421052631579,23.569655839558163,56.90767260605626,25.90995542134047
KOR,17.714101482327518,10.523821188929116,8.452621547775147,1.5368421052631578,81.3379996588562,65.85150696156502,2.330557169229475
KWT,14.85731336721475,11.074586155577167,9.222668096299385,0.0,99.86613307970204,0.32798747711028414,0.3913438104855151
LBN,15.45632577461858,9.583313905182097,7.089978994424882,5.38421052631579,87.52273771108878,13.560194474455933,4.206929513395747
LBY,15.643075852887467,9.746824035591558,8.004772708384548,2.7823529411764705,87.99273737409811,0.1233276879184332,2.9922859002535214
LKA,16.839091464312798,9.158726271113858,6.133307198931827,57.478947368421046,16.818888849851415,34.04105760336199,11.260850138154511
LTU,14.960469201264244,10.209140885041625,7.8449249531943135,22.605263157894736,66.8857158554222,34.03893584883848,3.779669004751676
LUX,13.13252754853465,11.757678528126789,8.963911491154727,5.663157894736842,88.23990323917114,34.2289461213532,0.3518556381338054
LVA,14.571350215814993,10.115810366588349,7.627438631156349,36.86842105263158,67.90716117190293,53.69835229757264,3.7720670418619293
MAR,17.28126111924002,8.838384750273203,6.2140975615101635,14.24736842105263,57.65178946123306,12.622178261023386,11.430885321648386
MDA,14.866047882889417,9.13120588463038,7.104397997283928,13.852631578947367,39.592081571880136,11.240138223718887,14.169402149798534
MDG,16.881525122294306,7.409314839357557,5.569389966438665,84.47894736842106,27.544871949491565,21.78744120798397,28.564223221104672
MEX,18.53087206104763,9.936271560336305,7.380288110136204,9.921052631578947,76.56148398875662,34.53065611120061,3.1074909815169507
MKD,14.489592069236721,9.656240468831758,7.262148415056189,18.94736842105263,58.436398138478005,38.401931214531636,9.821094079093786
MLT,12.945699469602115,10.536641282643753,7.522054541349164,2.3684210526315788,94.03850693639214,1.1282894736842106,1.3886896362563548
MMR,17.70257573185118,8.08437264294042,5.8124562936844875,77.38947368421051,28.910000895598074,48.80760636611058,38.69037493261835
MNG,14.817798395755652,9.165696589720838,7.216909027110682,4.336842105263158,64.67925287585243,9.13322649499931,16.318658394576847
MOZ,16.934558681687548,7.044152437529973,5.9438327040174235,86.72105263157896,30.894546169091463,49.855641507186164,24.10793998119407
MUS,14.030070795299157,9.811375062061357,6.921881613583786,14.221052631578948,40.561869585567386,19.552715383679615,4.099873150546085
MYS,17.142091094974333,10.050102323824092,7.833747498644729,3.3473684210526318,69.44706320067544,58.72629015851148,9.073833308055857
NAM,14.565640204930792,9.219508109832177,6.525327995808392,32.373684210526314,40.26668762308605,9.012621823479735,8.58605953817139
NER,16.585892552533327,7.195503253400818,4.892938073735392,83.04736842105264,16.289751806702053,0.9602273624378306,36.64522337143357
NGA,18.901572821799306,8.879544129383717,5.730895296379565,83.82105263157894,50.80766832532017,25.71811520385007,24.409118368539918
NIC,15.548933947312701,8.677984389675926,6.308287419130749,53.03157894736842,56.70761719937919,36.71726817875668,16.39241246784086
NLD,16.622504430614445,11.016414289673016,8.443267428049865,4.031578947368421,86.10110070045255,10.881634470103075,1.872838944243405
NOR,15.39539069284698,11.334189504800083,8.674210105753703,57.573684210526324,79.05527739323043,33.18638621456909,1.4435754769070304
NPL,17.104356197335267,8.012222550006182,5.940338931841268,86.45263157894736,53.83711786674087,41.22467460943954,30.874964940451665
NZL,15.276050050276472,10.637874075916985,8.347896759890505,27.873684210526317,85.532668958414,37.404560164225074,5.827832110876231
OMN,14.923544740239764,10.652860329658631,8.555141453448783,0.0,74.51969092579382,0.009540005101606986,1.5224271299029186
PAK,19.07003594554581,8.347671555637403,6.066461592252853,47.189473684210526,34.71756395081466,5.382737227174411,22.46095958119954
PAN,15.084163936397237,9.987157289223502,6.816331750194872,23.24736842105263,64.56532057279357,58.414717844653595,4.388263652254576
PER,17.182081207108244,9.315036699030596,6.40265436876527,33.636842105263156,77.21721090743308,57.87895785361842,7.064994877652134
PHL,18.362425069650666,8.735501451678061,6.126901014470048,31.873684210526317,45.32854593530375,23.616527484321026,12.846815484279382
POL,17.455798722836327,10.151040170831058,7.8299105774908,9.368421052631579,60.99763835177644,30.314070511410616,2.905603837325895
PRT,16.161722539209944,10.494717737974291,7.726246318444417,24.321052631578947,59.34825149218976,35.82174705901917,2.211201440120773
ROU,16.84285506571112,10.077609531506743,7.455725637925531,20.126315789473683,53.40086109667155,28.689297927749703,7.262257494627393
RUS,18.786436013437072,10.321445791934757,8.459477245484168,3.405263157894737,73.71549113309896,49.664722724835116,4.093185636017476
RWA,16.122205661102914,7.4145394018846105,5.906894153082582,87.97368421052632,17.476602934344907,11.08313954728735,27.51264125897932
SAU,16.970444875409775,10.927868387496392,8.875377743947432,0.0,81.78349222814532,0.4544841349217794,3.135119731119041
SEN,16.337616111463344,8.129035404644531,5.59945918871782,42.873684210526314,43.75912867255159,44.16879392685214,14.533209847687973
SGP,15.39129098071698,11.412129750290488,8.555455521343468,0.5631578947368421,100.0,24.511961246241427,0.04679824503066393
SLV,15.619273303715133,9.070829678861774,6.485059452199596,29.599999999999998,64.45066814801416,30.56853281853282,6.208544617746116
SUR,13.202165345194203,9.943797192243833,7.201264759892047,20.36842105263158,66.46841152322118,95.28089468287844,8.813617913071981
SVK,15.501376107637293,10.208449321409123,8.106829216644154,8.989473684210527,54.77746168347688,39.81641199557507,1.893027456204018
SVN,14.524318330997502,10.513761697299282,8.159601426677762,19.30526315789474,51.29448193971428,61.69446745686647,2.113367115831549
SWE,16.052059720487524,10.918441258416353,8.575738393242824,43.88421052631579,85.28569583752989,68.9107996992066,1.4011861998397044
SYR,16.800855256272406,8.892346418476789,6.682620769096799,1.7052631578947368,61.214945932957896,2.6365279902385663,25.647992307964852
TGO,15.691840790045998,7.683425274288704,6.034758628939788,76.17894736842106,37.09171062408252,22.831922470268335,18.347929390634487
THA,18.030942008233723,9.676571978836018,7.390333757675172,21.957894736842103,42.03348422984743,38.64901394985634,9.541869308577544
TJK,15.838688909072118,7.7434716248715985,5.768168248807644,56.16842105263158,26.481672017953667,2.9627153511867412,21.548695072783804
TKM,15.517704064024096,9.03329907809754,8.172231396015002,0.09473684210526316,46.818396404517976,8.782159044964144,14.07136440792623
TTO,14.10026223622771,10.352328344327972,9.419102682586844,0.5,54.68594871414766,45.38699086898533,0.7937812069188904
TUN,16.18514734666822,9.34697050824393,6.777754381330263,13.578947368421053,66.27020021034441,4.406932625074529,8.746769162860788
TUR,18.10079022307683,9.912383426694294,7.244303574821672,14.131578947368421,71.50972397423051,27.294116379914612,7.961998646227431
TZA,17.597317769383405,7.842840230370852,6.030431920912579,88.11052631578947,27.43260041578009,56.775090610925595,25.826492306823074
UGA,17.26460047707974,7.63676472416322,6.041062661094556,93.6421052631579,18.464265443340025,13.949948571493167,25.543275171703673
UKR,17.664331646354896,9.654419517556946,7.85233619770655,2.9157894736842103,68.37039823759726,16.52533790980918,9.661515043280835
URY,15.015387454498786,10.039117854553593,7.048242847285023,48.32631578947369,93.5169307219986,9.676563279986047,7.65822026783998
USA,19.538429216310274,11.009651957334379,8.894083321848747,7.278947368421053,80.27406383669643,33.60712884105162,1.083593823898093
UZB,17.15040805935864,8.583267548963121,7.335978740111346,1.2,50.64221542733805,7.575853541941893,26.73673910306862
VNM,18.270024744622205,8.841309636804024,6.365463987711545,39.95789473684211,29.422684771983906,42.22055603410124,18.04620595315894
ZAF,17.769210744919473,9.51098261560696,7.7759958602416095,9.857894736842105,61.14685500127555,14.385156913337015,2.341974392892324
ZMB,16.413794462324848,7.995723969773587,6.459702266941343,87.58421052631579,39.31465519715215,62.47469664219602,10.690284127788871
ZWE,16.399383692325706,8.430203280633547,6.134265332981672,78.8,33.061761363777414,46.403903321700916,12.473622972767842
