Ref_Area,Year,ln_Total_GHG,FE_Pred,XGB_Pred,GHG_Actual,GHG_FE_Pred,GHG_XGB_Pred,FE_Err_%,XGB_Err_%,CI_Lower,CI_Upper
BRN,2024,2.4736350297499357,2.437797069587177,2.3416111151930106,11.865499999999999,11.447794250757434,10.39797541116607,-3.5,-12.4,8.965074228706765,14.618060025430434
IDN,2024,7.188244973180763,7.083800714246404,7.081789211875576,1323.7779000000005,1192.492238619818,1190.0959485342116,-9.9,-10.1,933.8726048186983,1522.7320427121626
KHM,2024,3.9087135351676623,4.025419388615947,3.444775397767265,49.8348,56.003791209651645,31.336244465741014,12.4,-37.1,43.85806857511462,71.5130586401127
MMR,2024,4.768882153532875,5.090972057593733,4.861551313986796,117.78750000000004,162.54779109767134,129.22451449027102,38.0,9.7,127.29552794037382,207.56255006152585
MYS,2024,5.805637252389577,5.714693544153,5.604444054076123,332.16680000000014,303.2912436911525,271.6308713735158,-8.7,-18.2,237.515494517913,387.2824326111013
PHL,2024,5.585739280161442,5.427596325334542,5.212920830604171,266.5973000000001,227.60150741853838,183.6296266940096,-14.6,-31.1,178.24083521048112,290.63175179816943
SGP,2024,4.331953648039441,4.293058383824043,4.174046643055389,76.09280000000001,73.18996956840263,64.9778630258217,-3.8,-14.6,57.31702506219525,93.45864757654499
THA,2024,6.045922665652173,5.979247520881833,5.8839879422904025,422.38730000000015,395.1429194618072,359.23901334425955,-6.5,-15.0,309.4470014333647,504.5708185167938
VNM,2024,6.370341981464444,6.211620416890134,5.88066251837362,584.2576,498.5083885734672,358.04637544979204,-14.7,-38.7,390.39526823243074,636.5615408283035
