Ref_Area,Year,Total_GHG,Energy_Per_Capita,Elec_Per_Capita,Renewable_%,Fossil_Elec_%,Renew_Elec_%,GDP_Total,GDP_Per_Capita,GDP_Per_Capita_PPP,Population,Urban_%,Industry_VA_%,Agri_VA_%,Forest_%,Agri_Land_%,Covid,Country,Event_Count,Total_Deaths,Total_Affected,Econ_Loss_Adj_M,Econ_Loss_Raw_M,Insured_Loss_M,Flood_Count,Storm_Count,Earthquake_Count,Other_Count
PHL,2000,132.7752,487.4027795476925,489.1027419304421,33.9,57.10973724884081,42.94828880547582,83669788376.9213,1050.7927310795235,4740.438916945692,79625397.0,39.1384171397742,34.97528476812157,13.941095211674694,24.51373377603381,37.67649327564812,0,Philippines,12.0,747.0,6424338.0,163.507,89.758,1.5,3.0,6.0,0.0,3.0
PHL,2001,131.6205,454.32383132008346,507.9268329836919,32.9,62.70775770456961,37.34865037194474,78921234457.54874,969.5306117444528,4778.400843747396,81401488.0,39.5375185608843,34.897615258049065,13.302809302832047,24.356259851762417,37.50880370258577,0,Philippines,11.0,630.0,3624958.0,194.24,109.641,0.0,3.0,6.0,0.0,2.0
PHL,2002,134.5659,451.2844686814615,511.5874367839445,31.8,64.35719149111767,35.6985165163926,84307345887.543,1014.9087932010624,4856.499484295671,83068889.0,39.9553922931877,34.78343526285005,13.448413414570409,24.19878592749103,37.34446792098468,0,Philippines,12.0,320.0,1211212.0,30.595,17.543,0.0,4.0,6.0,1.0,1.0
PHL,2003,137.6599,442.568789118581,544.4234743647414,30.9,66.58103513411409,33.4695882130714,87039092974.22725,1027.2301192842956,5003.383177187158,84731835.0,40.3928506135438,34.54056402986292,13.150947662883636,24.041312003219637,37.6966160244156,0,Philippines,10.0,350.0,687749.0,72.134,42.302,0.0,1.0,8.0,0.0,1.0
PHL,2004,140.9301,430.07575264053025,564.0520836834713,30.2,66.2687420698036,33.77670753064799,95001999685.33144,1099.6301302375837,5229.450807001648,86394504.0,40.8507057988121,33.61869620728831,13.984403691720148,23.88383807894825,38.4679880605024,0,Philippines,12.0,1918.0,3262978.0,230.625,138.867,0.0,3.0,8.0,0.0,1.0
PHL,2005,145.0008,434.47117461439785,565.2497441316383,31.3,67.63484010111902,32.41620704285108,107419977318.16573,1220.4601855986728,5386.816537128913,88015962.0,41.3297701258519,33.81367630532408,13.517547003593007,23.726364154676855,38.082302042459,0,Philippines,4.0,39.0,213057.0,4.04,2.515,0.0,2.0,2.0,0.0,0.0
PHL,2006,137.5884,423.3570797189413,557.4747545458732,33.3,63.971611221668454,36.08176599041983,127652926368.06915,1426.1464917954625,5578.572251121389,89508986.0,41.8308558715226,33.46258533038036,13.361249106967538,23.568890230405472,38.83690512123956,0,Philippines,20.0,2984.0,8612817.0,540.39,347.281,0.0,6.0,10.0,0.0,4.0
PHL,2007,146.1958,425.6258060413438,571.000767893041,32.4,68.40012749324788,31.659330336173923,155980408673.40317,1712.6554328279278,5840.068101699653,91075184.0,42.3470499959497,33.00086093244904,13.606507617711006,23.41141630613409,39.541201328101415,0,Philippines,15.0,118.0,2010577.0,25.047,16.555,0.0,5.0,8.0,0.0,2.0
PHL,2008,148.1113,439.08291757886207,573.2742051041598,33.9,66.08408280034857,33.98091151228174,181624626327.36093,1959.292335349778,5987.037578618355,92699095.0,43.1547492407016,32.765288410954014,14.51607475731336,23.253942381862696,40.279035449575744,0,Philippines,20.0,959.0,8459896.0,701.095,481.202,45.0,8.0,11.0,0.0,1.0
PHL,2009,150.4794,420.7180472555262,576.2296145808225,34.1,67.40731171683245,32.67587075521969,175974755881.37238,1864.450434064713,5965.307309022211,94384250.0,44.3356772609527,31.52254268126281,14.540213315315246,23.09646845759131,40.58087668108797,0,Philippines,25.0,1307.0,13352484.0,1406.763,962.107,0.0,8.0,14.0,1.0,2.0
PHL,2010,156.6438,431.461435820742,622.2211842007948,32.7,73.69135838918248,26.377972631858643,208368893151.14383,2162.91375885614,6273.039277315145,96337125.0,45.5208176726647,32.33955604566039,13.748865052421728,22.938994533319917,40.58087668108797,0,Philippines,14.0,376.0,5457568.0,482.048,335.087,0.0,9.0,3.0,0.0,2.0
PHL,2011,157.7593,428.3307590549838,625.9324940706034,33.8,71.3123048456112,28.763230553507668,234216730291.32016,2383.9189252208703,6388.31296959977,98248614.0,46.6833632464759,31.338682782846902,14.095735151082303,23.05599490223698,41.11748331488748,0,Philippines,33.0,1933.0,11722352.0,1018.053,730.025,0.0,15.0,12.0,1.0,5.0
PHL,2012,163.0728,437.467121529591,644.488844738822,34.1,71.53083473896409,28.54750281122295,261920540962.62988,2614.6164440130824,6697.5562096276835,100175512.0,47.9182784810426,31.399493363244417,13.095807010678156,23.17299527115404,41.68762786329946,0,Philippines,21.0,2385.0,12528288.0,1373.943,1005.611,3.0,8.0,9.0,3.0,1.0
PHL,2013,173.2631,443.2706552957279,661.5245280747538,33.1,73.55645311295937,26.540555621985728,283902828588.7177,2781.2795767739717,7016.538464704358,102076336.0,49.1313688766206,30.77544663143309,12.473425104412527,23.2899956400711,41.81842573028809,0,Philippines,14.0,7750.0,25667133.0,16727.965,12422.81,820.0,5.0,8.0,1.0,0.0
PHL,2014,181.1384,465.62749766594874,672.7467551622561,32.4,74.35996997230204,25.73630668875543,297483555338.0443,2866.838037614072,7340.3615859119955,103767130.0,50.2392400212368,31.047444475339443,12.271681621144587,23.40699600898816,41.91568568266425,0,Philippines,13.0,331.0,13274658.0,1409.451,1063.69,0.0,3.0,9.0,0.0,1.0
PHL,2015,190.6338,499.0723638328555,711.5361417136454,30.8,74.56347906276922,25.52797427652733,306445871242.32245,2909.8581801030064,7691.763086850469,105312992.0,51.1549047745227,30.481950983496706,10.996499154862333,23.52399637790522,42.01294563504041,0,Philippines,16.0,201.0,4019201.0,2601.93,1965.966,0.0,5.0,10.0,0.0,1.0
PHL,2016,202.623,520.9824171822368,773.0401853572561,28.6,75.79325308104893,24.324596085859977,318627003016.73126,2985.195640240464,8131.825379486535,106735719.0,51.9114748151175,30.28591716726943,10.205125532561595,23.641010161988127,42.11020558741658,0,Philippines,11.0,87.0,5534812.0,235.356,180.074,0.0,2.0,8.0,1.0,0.0
PHL,2017,220.8073,544.4771879866964,796.4414031401292,27.8,75.4275723217124,24.685256220065273,328480736802.7598,3038.1212495928917,8584.136227096995,108119693.0,52.6010482354344,30.126550576772495,10.182954131410888,23.758023946071035,42.22423449709897,0,Philippines,14.0,233.0,4869805.0,206.311,161.21392,0.0,3.0,8.0,3.0,0.0
PHL,2018,226.906,554.5019928189207,829.148696243769,27.6,76.61781805059942,23.48852850083693,346841896587.31256,3168.5103660972686,9016.286596376083,109465287.0,53.2088897464754,30.5637401548214,9.650140358153063,23.87500419223933,42.301371700707655,0,Philippines,9.0,313.0,9614945.0,711.698,569.712,0.0,1.0,7.0,0.0,1.0
PHL,2019,235.2167,551.8794831417125,866.9669674520886,26.9,79.21087126677418,20.93347036527183,376823402239.1359,3400.789497670743,9452.293971598096,110804683.0,53.7157859948017,30.327507879462363,8.820323747305245,23.99201797632223,42.378508904316334,0,Philippines,16.0,180.0,6798874.0,759.717,619.171,0.0,1.0,7.0,7.0,1.0
PHL,2020,225.1449,518.1706273260863,821.1185055871604,29.1,78.76271436293057,21.38658583317776,361751145451.59674,3227.579102351993,8455.184571341064,112081264.0,54.1077719895977,28.39991758505213,10.185311031761549,24.109031760405134,42.45564610792501,1,Philippines,9.0,202.0,6116533.0,1349.571,1113.474,0.0,0.0,6.0,1.0,2.0
PHL,2021,235.613,531.0454214953915,850.2492684632623,28.0,77.88045020334815,22.635048807145814,394087359848.11,3484.3859388281885,8857.789951155139,113100950.0,54.4504102510776,28.889809118545905,10.069164020487577,24.226045544488045,42.536137102994935,1,Philippines,14.0,572.0,12785052.0,1215.807,1050.235,0.0,5.0,8.0,0.0,1.0
PHL,2022,242.5967,551.0427844480262,884.8469773061815,28.0,77.86486122943101,22.635048807145814,404353369604.6311,3548.0693057211556,9457.103954028831,113964338.0,54.7902343568327,29.221239936433847,9.55176804414326,24.34305932857095,42.39259482845357,0,Philippines,12.0,609.0,7928618.0,348.865,325.471,0.0,2.0,6.0,2.0,2.0
PHL,2023,254.5314,580.1360554135003,924.6226075158288,28.0,77.86486122943101,22.635048807145814,437055627244.424,3804.0827413109687,9898.532945887462,114891199.0,55.1242716168851,28.19762250917741,9.400366528706986,24.46007311265386,42.66894724486032,0,Philippines,15.0,132.0,11286950.0,420.194,408.156,0.0,4.0,7.0,3.0,1.0
PHL,2024,266.5973,580.1360554135003,924.6226075158288,27.99999999999999,77.86486122943101,22.635048807145807,461617509782.35455,3984.8315387656016,10375.940417993756,115843670.0,55.4520983215477,27.693977993132073,9.08252678487007,24.46007311265386,42.66894724486032,0,Philippines,18.0,514.0,28665372.0,913.11,913.11,0.0,1.0,11.0,1.0,5.0
THA,2000,266.5868,1153.0455222562598,1446.8046543115329,21.8,93.15981954009814,7.131083488752514,126392224253.79382,2005.976945142342,11622.525027853724,63007815.0,31.4626212652205,36.66940838136265,8.499848120840582,37.18608702460412,42.85658360899607,0,Thailand,5.0,109.0,3365020.0,198.662,109.056,0.0,4.0,1.0,0.0,0.0
THA,2001,278.6569,1174.202791950135,1502.1097579381965,19.9,93.33626244874048,6.949521577816832,120296476180.40192,1889.934324671445,11901.31821046593,63651141.0,32.7428054763889,36.32100349466726,8.579287450086538,37.396504139834406,43.03861888077669,0,Thailand,6.0,189.0,465389.0,50.49,28.5,0.0,5.0,1.0,0.0,0.0
THA,2002,291.779,1286.144036843527,1612.5991238630515,19.9,92.49539045801876,7.79250181171053,134300904400.02176,2089.7518311155445,12512.183132496286,64266437.0,34.0732781018222,36.894431447152634,8.6921781801026,37.60692125506469,43.2206541525573,0,Thailand,6.0,190.0,8354124.0,69.979,40.127,0.0,2.0,2.0,0.0,2.0
THA,2003,305.2296,1379.291757437155,1705.2123841454063,20.2,92.69210056162008,7.5255464469196385,152280615245.88742,2347.54001286066,13287.304898745875,64868166.0,35.4270354382579,37.91817489203858,9.441354957962282,37.817338370294976,43.40268942433792,0,Thailand,4.0,9.0,112700.0,45.017,26.4,25.0,3.0,1.0,0.0,0.0
THA,2004,327.0301,1477.384808771037,1814.488704990388,19.9,94.06730455669825,6.394537370652287,172895685154.65817,2641.5626871785717,13997.001386729184,65452047.0,36.785516284484,37.90230249506707,9.291110139048143,38.02775548552526,43.584724696118535,0,Thailand,7.0,8375.0,583167.0,1951.387,1175.0,250.0,3.0,2.0,1.0,1.0
THA,2005,338.8722,1508.5802606271875,1897.3628475635671,20.1,94.3440471417657,6.175518355182039,189318408468.5952,2867.703834360616,14458.25518106945,66017420.0,38.1301594392881,38.50521071163613,9.194355282371808,38.23817260075554,43.766759967899155,0,Thailand,6.0,86.0,822810.0,1057.313,658.246,0.0,2.0,2.0,0.0,2.0
THA,2006,343.8979,1525.126557576666,1982.5084203391357,20.5,92.80174712776233,7.629939023511266,221758296021.62064,3331.3204351177264,15051.060674871884,66567687.0,39.4424037014582,39.14685588390604,9.40199346621521,38.44858971598583,43.948795239679775,0,Thailand,3.0,280.0,2557308.0,54.369,34.94,0.0,3.0,0.0,0.0,0.0
THA,2007,355.1025,1569.8723731987866,2055.604752343113,21.6,92.75196847652796,7.6331567331992,262942621455.05292,3918.5281743458054,15742.65528917806,67102394.0,40.7036878697821,39.43137187715568,9.3476847010693,38.65900683121611,44.128873142946624,0,Thailand,5.0,53.0,183000.0,2.269,1.5,0.0,5.0,0.0,0.0,0.0
THA,2008,356.9906,1596.8283545025622,2070.3246370184606,22.6,93.30749809968508,7.4128977087631664,291382982430.9515,4309.135092929862,15891.78234098854,67619830.0,41.8954507430475,39.47961296513037,10.072433825363303,38.8694239464464,44.31090841472724,0,Thailand,6.0,39.0,11573157.0,40.567,27.844,0.0,3.0,2.0,0.0,1.0
THA,2009,354.2997,1578.7610726973207,2061.667254835067,22.8,93.0875016853175,7.29017796952946,281710630187.3191,4135.439869528185,15665.903115344903,68121080.0,42.9991311200422,38.60859888843874,9.787033759420426,39.07984106167668,44.49294368650786,0,Thailand,1.0,15.0,200000.0,0.0,0.0,0.0,1.0,0.0,0.0,0.0
THA,2010,373.9503,1718.6211836804257,2260.341935973908,22.8,94.08761962097552,6.1068154168391215,341104766329.1696,4973.862888237778,16730.36978844884,68579447.0,44.0018736622496,39.92172569853569,10.522175636984883,39.29025817690697,44.67497895828848,0,Thailand,2.0,258.0,15453255.0,477.606,332.0,0.0,1.0,0.0,0.0,1.0
THA,2011,373.9837,1704.823340805253,2229.969947487225,23.0,91.91739465570402,12.915673175745118,370818739623.62195,5373.623283289797,16766.347705788314,69007208.0,44.8048723557374,37.98139827110971,11.591791777520749,39.28556049247392,44.68280843234355,0,Thailand,4.0,896.0,11216126.0,56224.069,40317.0,10000.0,2.0,1.0,1.0,0.0
THA,2012,392.5641,1818.1920430868397,2366.7948622343383,23.6,91.66324112583422,12.86154366960054,397558325278.5791,5725.5280283546335,17869.63766074586,69436098.0,45.373565813715,37.34369413746095,11.504100153576715,39.280862808040865,44.69063790639864,0,Thailand,2.0,0.0,12235545.0,1.64,1.2,0.0,1.0,0.0,0.0,1.0
THA,2013,403.8667,1943.923039782282,2420.570177607556,23.2,91.8543853909526,12.167766112482528,420333654592.54706,6018.082447292549,18242.425671536326,69845114.0,45.8321343847773,36.89858846481011,11.322215337977282,39.27616512360782,44.698986866057275,0,Thailand,3.0,84.0,3515254.0,779.654,579.0,0.0,3.0,0.0,0.0,0.0
THA,2014,395.7063,1926.2258261764812,2418.6241364495545,24.4,91.67107381682708,12.580086732715156,407339040197.6513,5801.1978916205,18324.614467487463,70216367.0,46.3138799467897,36.76304036551239,10.088921615104232,39.27146743917477,44.710211591536336,0,Thailand,8.0,93.0,1150811.0,95.405,72.0,15.0,4.0,1.0,1.0,2.0
THA,2015,401.3825,1932.6739096881456,2487.567655000202,22.6,91.99131974187654,13.138364456627263,401296238228.0839,5688.853353978842,18811.99751000637,70540795.0,46.9521043776171,36.17917732626671,8.872723647867934,39.26676975474172,44.71804106559142,0,Thailand,2.0,3.0,1440.0,4368.249,3300.561,0.0,0.0,1.0,0.0,1.0
THA,2016,401.0899,1985.0053092834771,2713.878514065534,22.4,86.36786092263392,20.92336454623108,413366349747.5081,5833.577156170984,19370.608781011655,70859841.0,47.8801095551247,35.58676540507598,8.47807696285562,39.18064554013584,44.710211591536336,0,Thailand,4.0,35.0,808843.0,189.515,145.0,0.0,3.0,0.0,0.0,1.0
THA,2017,406.6368,1988.1378152909856,2690.338629942049,22.2,85.62240341249917,20.262796871875764,456356813536.7637,6413.091825303433,20094.67787626029,71160187.0,49.2311973571777,35.018759526321965,8.406412586650468,39.11018027364012,44.71999843410519,0,Thailand,6.0,150.0,3819058.0,1674.41,1308.4,31.0,4.0,2.0,0.0,0.0
THA,2018,402.1173,1951.8556356188044,2700.176343393702,23.7,83.17023592660061,23.961467543430935,506754208404.4847,7099.776500814575,20879.90278214487,71376079.0,54.5843734741211,34.74248966750406,8.20181926195524,39.039715007144395,44.71744700424749,0,Thailand,0.0,0.0,0.0,0.0,0.0,0.0,0.0,0.0,0.0,0.0
THA,2019,410.4601,1989.8123422686344,2774.0170610633995,23.9,82.12723184763921,25.24544372437508,543976691793.88586,7605.696577977591,21277.839268476393,71522271.0,55.9266166687012,33.59391051332646,8.128568040094796,38.96924974064867,45.01947581671201,0,Thailand,3.0,26.0,878885.0,0.0,0.0,0.0,1.0,1.0,0.0,1.0
THA,2020,403.9095,1884.3507372740212,2673.060206290534,20.9,83.34872875150668,18.80025571414088,500461898480.24554,6985.643938925742,19957.25714091695,71641484.0,57.2358779907227,33.290722967857505,8.702852146735541,38.89878447415295,45.551683728395545,1,Thailand,7.0,44.0,1196084.0,72.722,60.0,0.0,3.0,4.0,0.0,0.0
THA,2021,398.6981,1848.063360933068,2722.002820347479,19.0,82.54763898332705,19.930740139250258,506194668789.9366,7057.2075480227895,20242.77000356559,71727332.0,58.5087776184082,35.03171196679927,8.692912930507973,38.82831920765722,45.998160073597056,1,Thailand,6.0,16.0,958594.0,684.173,591.0,0.0,5.0,1.0,0.0,0.0
THA,2022,417.7712,1867.4696831205304,2828.5504900939395,19.0,81.38514195876346,19.930740139250258,495644697587.6605,6909.352818158268,20762.795259852686,71735329.0,59.742374420166,35.12175770314611,8.719451384414441,38.7578539411615,45.998160073597056,0,Thailand,11.0,21.0,1381745.0,13.934,13.0,0.0,9.0,2.0,0.0,0.0
THA,2023,410.6628,1851.272314241671,2965.2131060821016,19.0,80.43578028433312,19.930740139250258,515906283940.9326,7195.101309194487,21191.454030927387,71702435.0,60.9341926574707,32.98040932864924,8.5627759867239,38.687388674665776,43.79807786411948,0,Thailand,3.0,6.0,271323.0,0.0,0.0,0.0,2.0,1.0,0.0,0.0
THA,2024,422.3873,1851.272314241671,2965.2131060821016,18.999999999999996,80.43578028433312,19.930740139250258,526517658841.6837,7346.620221421852,21740.540321926088,71668011.0,61.8689338391321,32.1359776535892,8.711126618988196,38.687388674665776,43.79807786411948,0,Thailand,7.0,165.0,781568.0,1114.0,1114.0,0.0,2.0,4.0,0.0,1.0
